<?xml version="1.0" encoding="UTF-8"?>
<!DOCTYPE mapper
  PUBLIC "-//mybatis.org//DTD Mapper 3.0//EN"
  "https://mybatis.org/dtd/mybatis-3-mapper.dtd">
  
<mapper namespace="org.green.seenema.mapper.StoreMapper">
	<select id="getProductInfo" resultType="org.green.seenema.vo.ProductVO">
		SELECT * FROM product_tbl WHERE productCode = #{productCode};
	</select>
	
	<insert id="addCart">
		INSERT INTO cart_tbl (productCode, productCount, id) 
		VALUES (#{cart.productCode}, #{cart.productCount}, #{cart.id});
	</insert>
	
	<select id="checkCart" resultType="_int">
		SELECT COUNT(*) FROM cart_tbl WHERE id = #{id} AND productCode = #{productCode};
	</select>
	
	<select id="getCartList" resultType="org.green.seenema.vo.CartVO">
		SELECT 
			ct.cartCode, pt.productCode, pt.productImage, pt.productName, pt.productInfo, pt.price, 
			ct.productCount, (pt.price * ct.productCount) AS totalPrice, ct.id
		FROM seenema.product_tbl pt RIGHT JOIN seenema.cart_tbl ct 
		ON pt.productCode  = ct.productCode WHERE id = #{id};
	</select>
</mapper>