<?xml version="1.0" encoding="UTF-8"?>
<!DOCTYPE mapper
  PUBLIC "-//mybatis.org//DTD Mapper 3.0//EN"
  "https://mybatis.org/dtd/mybatis-3-mapper.dtd">
  <!-- 영화관 등록/조회/삭제 mapper -->
 <mapper namespace="org.green.seenema.mapper.TheaterCRUDMapper">
 	<!-- 등록 -->
 	<insert id="insertTheater">
 		INSERT INTO seenema.theater_tbl(theaterPlace, theaterName, theaterAddress, theaterTel, theaterSeats, latitude, longitude)
		VALUES(#{theaterPlace}, #{theaterName}, #{theaterAddress}, #{theaterTel}, #{theaterSeats}, #{latitude}, #{longitude});
 	</insert>
 	
 	<select id="getList" resultType="org.green.seenema.vo.TheaterVO">
		SELECT * FROM seenema.theater_tbl;
	</select>
	
	<select id="selectOne" resultType="org.green.seenema.vo.TheaterVO">
		SELECT * FROM seenema.theater_tbl where theaterCode = #{param1};
	</select>
	
	<update id="update">
		UPDATE seenema.theater_tbl 
		SET theaterPlace=#{theaterPlace}, theaterName=#{theaterName}, theaterAddress=#{theaterAddress}, 
			theaterTel=#{theaterTel}, theaterSeats=#{theaterSeats}, 
			latitude=#{latitude}, longitude=#{longitude} 
		WHERE theaterCode=#{theaterCode};
	</update>
	
	<delete id="delete">
		DELETE FROM seenema.theater_tbl WHERE theaterCode=#{param1};
	</delete>

	<select id="getListGroupByPlace" resultType="org.green.seenema.vo.TheaterVO">
		SELECT theaterPlace, COUNT(theaterPlace) AS cnt FROM seenema.theater_tbl GROUP BY theaterPlace
	</select>

	<select id="getListWherePlace" resultType="org.green.seenema.vo.TheaterVO">
		SELECT * FROM seenema.theater_tbl WHERE theaterPlace = #{place};
	</select>




 </mapper>
