<?xml version="1.0" encoding="UTF-8"?>
<!DOCTYPE mapper
        PUBLIC "-//mybatis.org//DTD Mapper 3.0//EN"
        "https://mybatis.org/dtd/mybatis-3-mapper.dtd">

<mapper namespace="org.green.seenema.mapper.ReservationMapper">
    <select id="searchReservation" resultType="org.green.seenema.vo.ReservationVO">
        SELECT * FROM reservation_tbl WHERE id = #{id}
    </select>

    <insert id="regReservation">
        INSERT INTO reservation_tbl (id, movieCode, movieTitle, theaterPlace, theater, ticketPrice,  reservationDate, movieDate, reservationTime, seats, visitors) VALUES (#{id}, #{movieCode}, #{movieTitle}, #{theaterPlace}, #{theater}, #{ticketPrice}, NOW(), #{movieDate}, #{reservationTime}, #{seats}, #{visitors})
    </insert>
    <select id="loadSeats" resultType="org.green.seenema.vo.ReservationVO">

    </select>

    <update id="cntPlus">
        UPDATE movie_tbl SET cnt = cnt + 1 WHERE movieCode = #{movieCode}
    </update>
</mapper>
