<?xml version="1.0" encoding="UTF-8"?>
<!DOCTYPE mapper
  PUBLIC "-//mybatis.org//DTD Mapper 3.0//EN"
  "https://mybatis.org/dtd/mybatis-3-mapper.dtd">
  
<mapper namespace="org.green.seenema.mapper.AdminNoticeMapper">
	<!-- 공지사항 출력 공지사항코드 역순 -->
	<select id="noticeView" resultType="org.green.seenema.vo.NoticeVO">
		SELECT * FROM notice_tbl ORDER BY noticeCode DESC
	</select>
	
	<!-- 공지사항 수정을 위한 선택 -->
	<select id="noticeOneList" resultType="org.green.seenema.vo.NoticeVO">
		SELECT * FROM notice_tbl WHERE noticeCode = #{noticeCode}
	</select>
	
	<!-- 공지사항삭제-->
	<delete id="noticeDel">
		DELETE FROM notice_tbl WHERE noticeCode = #{noticeCode}
	</delete>
	
	<!-- 공지사항 수정 -->
	<update id="noticeEdit">
		UPDATE notice_tbl SET title = #{title}, contents= #{contents} WHERE noticeCode= #{noticeCode}
	</update>
	
	<insert id="noticeRegi">
		INSERT INTO notice_tbl(title, contents, regiDate, hit) VALUES(#{title}, #{contents}, NOW(), 0)
	</insert>
	
	

</mapper>